City_ID,City,Lat,Lng,Max Temp,Humidity,Cloudiness,Wind Speed,Country,Date
0,amga,60.8953,131.9608,-5.88,97,100,0.75,RU,1681935785
1,howrah,22.5892,88.3103,30.0,84,40,3.6,IN,1681935786
2,guilin,25.2819,110.2864,19.06,90,0,1.07,CN,1681935786
3,tazovsky,67.4667,78.7,-11.2,98,99,2.02,RU,1681935487
4,grytviken,-54.2811,-36.5092,3.33,95,100,1.85,GS,1681935482
5,hobyo,5.3505,48.5268,28.81,69,100,5.78,SO,1681935695
6,quatre cocos,-20.2078,57.7625,26.16,83,40,6.03,MU,1681935788
7,adamstown,-25.066,-130.1015,24.9,75,70,3.55,PN,1681935475
8,viqueque,-8.8673,126.3658,23.48,89,79,1.73,TL,1681935788
9,puerto natales,-51.7236,-72.4875,12.25,54,40,13.38,CL,1681935371
10,kuanda,56.3161,116.0806,-7.82,81,100,2.5,RU,1681935789
11,edinburgh of the seven seas,-37.0676,-12.3116,18.02,74,100,9.68,SH,1681935479
12,kinablangan,7.6947,126.5503,25.58,83,20,1.48,PH,1681935790
13,longyearbyen,78.2186,15.6401,-8.09,67,20,3.09,SJ,1681935510
14,vorgashor,67.5833,63.95,-7.22,97,100,3.49,RU,1681935478
15,bethel,41.3712,-73.414,15.01,48,20,3.6,US,1681935519
16,vredendal,-31.6683,18.5012,16.45,74,100,1.67,ZA,1681935793
17,broken hill,-31.95,141.4333,10.34,68,1,5.9,AU,1681935671
18,ancud,-41.8697,-73.8203,14.73,87,92,2.58,CL,1681935614
19,geraldton,-28.7667,114.6,17.23,48,42,4.12,AU,1681935794
20,bilibino,68.0546,166.4372,-4.72,87,100,1.1,RU,1681935542
21,waitangi,-43.9535,-176.5597,17.12,92,100,4.47,NZ,1681935502
22,international falls,48.6011,-93.411,5.08,51,100,2.68,US,1681935796
23,hadibu,12.65,54.0333,27.8,73,12,3.14,YE,1681935673
24,atafu village,-8.5421,-172.5159,28.25,72,100,3.21,TK,1681935582
25,aleksandrovsk-sakhalinskiy,50.8975,142.1561,0.09,97,82,2.7,RU,1681935797
26,ryotsu-minato,38.0833,138.4333,11.52,77,1,2.02,JP,1681935797
27,tsiombe,-25.3,45.4833,23.24,90,97,5.6,MG,1681935721
28,berdigestyakh,62.0989,126.6992,-8.38,96,100,3.07,RU,1681935798
29,veraval,20.9,70.3667,27.01,65,2,5.62,IN,1681935799
30,gadzhiyevo,69.2551,33.3362,2.7,93,100,7.49,RU,1681935515
31,kalaoa,19.7286,-155.9817,22.08,92,100,9.39,US,1681935799
32,port-aux-francais,-49.35,70.2167,5.03,68,52,15.6,TF,1681935800
33,jand,33.4299,72.0193,17.57,80,83,5.8,PK,1681935801
34,axim,4.8699,-2.2405,27.21,84,74,2.7,GH,1681935802
35,new norfolk,-42.7826,147.0587,10.72,77,100,0.45,AU,1681935671
36,ushuaia,-54.8,-68.3,9.79,61,75,11.32,AR,1681935523
37,chaman,30.9236,66.4512,15.32,23,0,2.69,PK,1681935803
38,punta arenas,-53.15,-70.9167,10.62,62,13,12.94,CL,1681935241
39,hammerfest,70.6634,23.6821,5.25,93,75,11.83,NO,1681935605
40,iqaluit,63.7506,-68.5145,-8.15,93,100,0.0,CA,1681935537
41,khandyga,62.6667,135.6,-5.18,96,100,1.04,RU,1681935636
42,punta del este,-34.9667,-54.95,16.09,73,75,8.05,UY,1681935805
43,bredasdorp,-34.5322,20.0403,17.01,65,100,1.18,ZA,1681935499
44,albany,42.6001,-73.9662,7.32,65,90,0.45,US,1681935442
45,isafjordur,66.0755,-23.124,7.79,95,100,1.59,IS,1681935476
46,blackmans bay,-43.0167,147.3167,10.07,76,93,3.84,AU,1681935486
47,ribeira grande,38.5167,-28.7,14.22,67,40,4.63,PT,1681935495
48,petropavlovsk-kamchatsky,53.0452,158.6483,1.33,75,75,4.0,RU,1681935275
49,remire-montjoly,4.9167,-52.2667,25.02,94,100,3.09,GF,1681935696
50,caxito,-8.5785,13.6643,25.78,94,99,1.45,AO,1681935808
51,sitka,57.0531,-135.33,9.94,50,20,5.66,US,1681935609
52,klyuchi,52.2667,79.1667,-6.65,84,5,3.61,RU,1681935603
53,beloyarskiy,63.7119,66.6722,-0.92,97,100,2.36,RU,1681935809
54,izhevsk,56.85,53.2333,5.63,72,100,1.16,RU,1681935630
55,urangan,-25.3,152.9,20.33,70,1,6.75,AU,1681935810
56,juan griego,11.0817,-63.9655,35.07,43,5,10.29,VE,1681935811
57,salair,54.2312,85.7972,-7.12,89,100,4.03,RU,1681935811
58,portland,45.5234,-122.6762,9.09,84,75,6.17,US,1681935538
59,udachny,66.4167,112.4,-18.15,100,99,1.79,RU,1681935562
60,lihue,21.9789,-159.3672,26.31,72,0,3.6,US,1681935464
61,bachatskiy,54.2927,86.1285,-6.13,84,100,4.9,RU,1681935813
62,rio grande,-32.035,-52.0986,16.06,53,100,7.89,BR,1681935552
63,puno,-15.8333,-70.0333,13.95,33,41,4.59,PE,1681935814
64,grand falls-windsor,48.9332,-55.6649,3.61,92,100,1.34,CA,1681935814
65,chernogorsk,53.8236,91.2842,-3.24,59,0,4.0,RU,1681935815
66,saipan,15.1355,145.701,26.39,100,0,5.14,MP,1681935524
67,puerto ayora,-0.7393,-90.3518,28.98,80,100,2.06,EC,1681935585
68,la rinconada,37.4873,-5.9826,20.99,46,0,2.57,ES,1681935816
69,lata,40.1629,-8.3327,15.45,82,32,2.06,PT,1681935551
70,kununurra,-15.7667,128.7333,24.99,50,12,5.14,AU,1681935817
71,west island,-12.1568,96.8225,26.98,82,100,10.13,CC,1681935548
72,dalandzadgad,43.5708,104.425,2.6,12,91,3.61,MN,1681935818
73,chonchi,-42.6128,-73.8092,16.18,97,100,0.73,CL,1681935394
74,keflavik,64.0049,-22.5624,9.95,100,100,6.69,IS,1681935270
75,taksimo,56.3444,114.8794,-7.19,72,100,1.95,RU,1681935819
76,happy valley-goose bay,53.3168,-60.3315,7.17,65,75,4.63,CA,1681935546
77,mirny,62.5353,113.9611,-9.32,89,100,3.36,RU,1681935820
78,san patricio,28.017,-97.5169,27.94,64,97,8.41,US,1681935693
79,hamilton,39.1834,-84.5333,27.27,33,0,8.23,US,1681935174
80,horta,38.5333,-28.6333,13.8,73,40,4.63,PT,1681935822
81,aykhal,66.0,111.5,-16.2,100,100,2.43,RU,1681935661
82,port mathurin,-19.6833,63.4167,26.03,77,23,8.55,MU,1681935500
83,nadym,65.5333,72.5167,-15.62,90,74,2.41,RU,1681935823
84,college,64.8569,-147.8028,1.0,52,75,0.0,US,1681935501
85,barra de santo antonio,-9.4047,-35.5072,29.6,78,11,6.89,BR,1681935824
86,kapa'a,22.0752,-159.319,26.72,70,0,3.6,US,1681935476
87,port isabel,26.0734,-97.2086,28.05,71,75,9.77,US,1681935825
88,xinyu,27.8043,114.9334,19.84,95,8,0.31,CN,1681935825
89,jamestown,42.097,-79.2353,14.18,54,0,3.6,US,1681935303
90,georgetown,5.4112,100.3354,27.96,83,20,0.0,MY,1681935312
91,harnai,30.1005,67.9374,20.28,28,0,3.46,PK,1681935827
92,hermanus,-34.4187,19.2345,13.78,76,99,2.23,ZA,1681935533
93,invercargill,-46.4,168.35,11.68,82,95,0.89,NZ,1681935519
94,balakovo,52.0278,47.8007,10.13,45,56,1.51,RU,1681935828
95,papatowai,-46.5619,169.4708,9.35,94,92,2.55,NZ,1681935485
96,kiama,-34.6833,150.8667,18.89,90,100,2.68,AU,1681935829
97,floro,61.5996,5.0328,12.04,71,0,1.54,NO,1681935831
98,capoterra,39.1763,8.9718,14.74,81,20,2.57,IT,1681935831
99,hawaiian paradise park,19.5933,-154.9731,25.73,93,40,6.17,US,1681935491
100,yur'yevets,57.3201,43.1041,6.55,81,67,2.39,RU,1681935832
101,panorama,40.5878,23.0315,12.3,85,40,3.09,GR,1681935832
102,kalmunai,7.4167,81.8167,26.71,80,69,3.96,LK,1681935833
103,malvik,63.4333,10.6833,8.06,64,0,1.03,NO,1681935833
104,lompoc,34.6391,-120.4579,22.1,60,20,8.75,US,1681935517
105,khovd,48.0056,91.6419,-2.31,30,0,3.21,MN,1681935669
106,boa vista,2.8197,-60.6733,32.99,43,40,4.63,BR,1681935728
107,caleta de carquin,-11.0925,-77.6267,25.77,71,44,4.83,PE,1681935531
108,san jeronimo,-11.9472,-75.2829,18.13,53,85,2.51,PE,1681935835
109,moama,-36.1167,144.7833,8.62,78,9,3.82,AU,1681935836
110,holualoa,19.6228,-155.9522,21.97,93,100,9.26,US,1681935598
111,burela de cabo,43.65,-7.4,12.87,90,37,3.13,ES,1681935837
112,sao joao da barra,-21.6403,-41.0511,26.05,88,99,6.74,BR,1681935837
113,ponta delgada,37.7333,-25.6667,17.4,82,75,11.32,PT,1681935838
114,aasiaat,68.7098,-52.8699,-8.56,81,89,2.91,GL,1681935657
115,susuman,62.7833,148.1667,-10.96,95,100,2.29,RU,1681935559
116,choyr,46.3611,108.3611,-2.91,21,3,3.43,MN,1681935839
117,sakiai,54.9547,23.0358,9.67,81,90,6.89,LT,1681935840
118,sao jose da coroa grande,-8.8978,-35.1478,27.3,77,41,5.59,BR,1681935840
119,coyhaique,-45.5752,-72.0662,16.97,63,75,3.6,CL,1681935841
120,avarua,-21.2078,-159.775,25.03,94,75,5.66,CK,1681935477
121,bandar labuan,5.2888,115.2692,26.2,89,20,0.51,MY,1681935842
122,genhe,50.7833,121.5167,-2.49,94,100,5.73,CN,1681935842
123,camargo,27.6667,-105.1667,30.56,9,95,6.77,MX,1681935708
124,alofi,-19.0595,-169.9187,24.94,94,100,2.06,NU,1681935318
125,novodvinsk,64.4165,40.8122,2.86,99,100,3.54,RU,1681935843
126,chui,-33.6971,-53.4616,14.75,62,99,4.71,UY,1681935844
127,port augusta,-32.5,137.7667,12.89,70,0,3.91,AU,1681935844
128,carnarvon,-24.8667,113.6333,23.49,43,74,6.11,AU,1681935480
129,flin flon,54.7682,-101.865,1.91,35,100,6.69,CA,1681935845
130,xi'an,34.2583,108.9286,22.45,29,1,5.15,CN,1681935846
131,mckinleyville,40.9465,-124.1006,12.66,67,0,3.6,US,1681935847
132,nogliki,51.8333,143.1667,-0.93,94,93,2.47,RU,1681935847
133,whitehorse,60.7161,-135.0538,5.57,60,75,1.54,CA,1681935794
134,weno,7.4515,151.8468,26.97,83,100,2.57,FM,1681935613
135,tosontsengel,48.7567,98.2839,-4.57,26,100,3.62,MN,1681935849
136,stanley,54.868,-1.6985,6.54,91,75,2.06,GB,1681935339
137,yellowknife,62.456,-114.3525,4.29,41,0,3.6,CA,1681935490
138,wenatchee,47.4235,-120.3103,13.04,54,100,2.24,US,1681935850
139,san antonio de pale,-1.4014,5.6325,28.53,81,98,5.18,GQ,1681935611
140,salekhard,66.53,66.6019,-9.72,90,100,2.56,RU,1681935851
141,forster,-32.1667,152.5167,12.99,99,100,2.43,AU,1681935851
142,cockburn town,21.4612,-71.1419,26.07,76,0,5.42,TC,1681935852
143,letlhakeng,-24.0944,25.0298,19.48,31,0,2.9,BW,1681935853
144,midvagur,62.0511,-7.1939,6.46,87,1,2.57,FO,1681935733
145,cooma,-36.2333,149.1333,8.77,89,68,0.57,AU,1681935854
146,codrington,-38.2667,141.9667,11.19,83,100,3.75,AU,1681935525
147,nova sintra,14.8667,-24.7167,19.16,80,77,9.61,CV,1681935639
148,st. john's,47.5649,-52.7093,2.66,89,100,6.69,CA,1681935488
149,es castell,39.8795,4.2854,13.38,82,0,1.54,ES,1681935855
150,dalhart,36.0595,-102.5133,28.01,17,0,13.38,US,1681935595
151,fort st. john,56.2499,-120.8529,3.94,65,100,1.54,CA,1681935856
152,zhenlai,45.8495,123.2973,7.15,28,100,9.75,CN,1681935857
153,selfoss,63.9331,-20.9971,9.47,88,84,3.5,IS,1681935857
154,otjimbingwe,-22.35,16.1333,23.63,52,100,3.02,NA,1681935857
155,wuxi,31.5689,120.2886,17.75,93,94,2.59,CN,1681935790
156,prieska,-29.6641,22.7474,20.94,20,56,3.14,ZA,1681935858
157,jinghong,21.991,100.7341,22.7,34,0,1.42,CN,1681935859
158,carloforte,39.145,8.3058,14.94,69,100,1.39,IT,1681935859
159,yichang,30.7144,111.2847,21.36,79,0,1.29,CN,1681935860
160,constantia,44.1833,28.65,10.39,94,100,4.42,RO,1681935655
161,dudinka,69.4058,86.1778,-21.77,100,99,1.99,RU,1681935504
162,tomatlan,19.9333,-105.25,33.86,34,1,5.84,MX,1681935683
163,i-n-salah,27.1935,2.4607,29.79,17,5,3.82,DZ,1681935861
164,queenstown,-31.8976,26.8753,17.55,27,6,3.3,ZA,1681935534
165,ash shatrah,31.4117,46.1742,27.64,15,0,2.98,IQ,1681935862
166,port alfred,-33.5906,26.891,26.09,40,78,4.17,ZA,1681935535
167,lanchyn,48.5578,24.7562,6.12,95,83,1.53,UA,1681935863
168,tulunan,6.8344,124.8769,24.63,90,87,0.16,PH,1681935863
169,kirakira,-10.4544,161.9205,25.5,83,33,2.27,SB,1681935547
170,nuku'alofa,-21.1333,-175.2,26.19,83,75,7.2,TO,1681935572
171,qaqortoq,60.7167,-46.0333,0.77,89,85,1.58,GL,1681935525
172,taganrog,47.2362,38.8969,11.48,85,64,4.5,RU,1681935865
173,el granada,37.5027,-122.4694,18.02,52,20,6.69,US,1681935717
174,downpatrick,54.3263,-5.7035,11.72,66,82,8.42,GB,1681935866
175,tiksi,71.6872,128.8694,-23.03,100,100,1.45,RU,1681935520
176,gaiman,-43.2897,-65.4929,26.72,32,0,9.51,AR,1681935512
177,chita,52.0333,113.55,-8.06,26,0,5.0,RU,1681935867
178,el calafate,-50.3408,-72.2768,8.82,83,46,8.91,AR,1681935868
179,ola,59.5833,151.2833,-4.3,77,99,4.78,RU,1681935589
180,cruzeiro do sul,-29.5128,-51.9853,16.96,69,100,4.19,BR,1681935869
181,sai kung,22.3822,114.2728,24.02,94,100,0.82,CN,1681935869
182,thunder bay,48.4001,-89.3168,3.99,38,100,5.66,CA,1681935649
183,harstad,68.799,16.5293,7.86,100,100,13.41,NO,1681935634
184,saint-francois,46.4154,3.9054,12.69,67,0,3.09,FR,1681935514
185,port lincoln,-34.7333,135.8667,14.82,67,100,2.59,AU,1681935532
186,nola,40.922,14.5329,14.79,85,1,0.88,IT,1681935871
187,broome,42.2506,-75.833,13.68,55,0,5.14,US,1681935871
188,pauini,-7.7136,-66.9764,30.17,63,99,1.04,BR,1681935872
189,egilsstadir,65.2653,-14.3948,12.95,62,0,2.57,IS,1681935527
190,kingston,17.997,-76.7936,29.58,73,20,8.75,JM,1681935490
191,kapuskasing,49.4169,-82.4331,0.05,69,100,7.2,CA,1681935593
192,inari,68.906,27.0288,6.11,94,100,3.13,FI,1681935674
193,usogorsk,63.4106,48.6872,-0.43,91,100,2.16,RU,1681935874
194,kruisfontein,-34.0033,24.7314,18.82,56,100,0.65,ZA,1681935568
195,kwang binh,17.4833,106.6,29.69,60,0,2.28,VN,1681935875
196,peterhead,57.5058,-1.7981,8.22,82,0,3.54,GB,1681935875
197,san juan del cesar,10.7711,-73.0031,35.53,33,100,3.37,CO,1681935876
198,crane,31.3974,-102.3501,31.36,9,0,7.05,US,1681935311
199,the bottom,17.6259,-63.2492,27.07,71,0,7.75,BQ,1681935877
200,east london,-33.0153,27.9116,26.86,32,10,4.31,ZA,1681935626
201,kuta,-8.7233,115.1723,25.97,88,20,2.24,ID,1681935696
202,callao,-12.0667,-77.15,25.16,61,40,6.69,PE,1681935420
203,la romana,18.4273,-68.9728,31.2,58,20,3.09,DO,1681935878
204,gulf shores,30.246,-87.7008,28.54,57,0,3.6,US,1681935862
205,santa ana de yacuma,-13.75,-65.4333,32.97,55,75,4.12,BO,1681935879
206,palikir - national government center,6.9248,158.1611,24.41,94,100,5.14,FM,1681935726
207,vorkuta,67.5,64.0,-7.07,97,100,3.45,RU,1681935675
208,akjoujt,19.6969,-14.4164,29.18,19,100,4.5,MR,1681935880
209,labrador city,52.9463,-66.9114,3.95,81,100,3.09,CA,1681935500
210,martapura,-3.4167,114.85,25.05,100,85,0.51,ID,1681935881
211,jutai,-5.1833,-68.9,28.15,86,100,1.03,BR,1681935882
212,matoury,4.8483,-52.3317,24.98,94,100,3.09,GF,1681935882
213,ilulissat,69.2167,-51.1,-4.99,80,100,2.57,GL,1681935522
214,pitimbu,-7.4706,-34.8086,29.33,84,50,3.88,BR,1681935883
215,slave lake,55.2834,-114.769,2.99,81,100,3.6,CA,1681935884
216,san julian,21.0167,-102.1667,29.49,11,92,6.77,MX,1681935884
217,mili,6.0815,171.735,27.71,80,100,6.42,MH,1681935884
218,wailua homesteads,22.0669,-159.378,25.97,70,0,3.6,US,1681935518
219,al-hamdaniya,36.2715,43.3737,21.83,42,89,2.63,IQ,1681935887
220,kavieng,-2.5744,150.7967,26.99,76,81,1.33,PG,1681935678
221,souillac,-20.5167,57.5167,26.21,89,40,5.66,MU,1681935888
222,severnoye,56.3491,78.3619,-4.92,89,57,2.18,RU,1681935888
223,kargasok,59.0556,80.8572,-6.77,95,100,3.35,RU,1681935578
224,mena,51.5217,32.2157,8.37,71,89,3.81,UA,1681935889
225,vilyuchinsk,52.9306,158.4028,2.15,80,100,3.37,RU,1681935889
226,sevastopol,44.6,33.5333,10.0,76,100,0.45,UA,1681935802
227,moog,8.6011,124.4658,27.56,77,24,2.98,PH,1681935890
228,iskateley,67.6803,53.1512,0.12,98,100,7.46,RU,1681935633
229,bargaal,11.2864,51.0773,26.44,78,4,2.19,SO,1681935891
230,kodiak,57.79,-152.4072,5.73,56,40,3.6,US,1681935496
231,leh,34.1667,77.5833,2.17,90,100,2.98,IN,1681935892
232,alghero,40.5589,8.3181,13.05,94,0,2.06,IT,1681935892
233,paramirim,-13.4425,-42.2389,31.77,38,12,0.36,BR,1681935893
234,yar,58.249,52.1026,5.44,60,37,1.97,RU,1681935893
235,le portel,50.7056,1.5757,10.55,69,3,8.22,FR,1681935894
236,tibanbang,6.6315,126.1055,27.04,79,89,1.44,PH,1681935894
237,enewetak,11.3474,162.3373,26.33,82,100,10.51,MH,1681935546
238,sheopur,25.6667,76.7,30.22,28,100,2.08,IN,1681935895
239,verkhnevilyuysk,63.4453,120.3167,-16.11,100,87,1.59,RU,1681935896
240,nagqu,31.5,92.0,2.62,46,100,3.06,CN,1681935705
241,friedland,51.4167,9.9333,8.14,62,64,1.79,DE,1681935896
242,shaoxing,30.011,120.5715,17.97,94,100,2.11,CN,1681935897
243,hithadhoo,-0.6,73.0833,28.66,70,100,1.57,MV,1681935528
244,puerto san jose,13.9256,-90.8244,34.02,46,21,6.25,GT,1681935898
245,mount isa,-20.7333,139.5,20.87,35,100,3.6,AU,1681935509
246,margaret river,-33.95,115.0667,12.69,62,0,3.47,AU,1681935476
247,hoogeveen,52.6833,6.5833,10.05,58,0,5.64,NL,1681935899
248,tshabong,-26.05,22.45,20.74,24,11,4.4,BW,1681935566
249,isangel,-19.55,169.2667,25.03,77,100,0.93,VU,1681935651
250,saldanha,-33.0117,17.9442,16.07,85,100,4.71,ZA,1681935521
251,talcahuano,-36.7167,-73.1167,19.82,64,0,5.66,CL,1681935901
252,quimili,-27.6333,-62.4167,25.63,39,2,5.78,AR,1681935901
253,sola,-13.8833,167.55,27.35,70,100,1.35,VU,1681935711
254,kulhudhuffushi,6.6221,73.07,28.35,75,74,2.26,MV,1681935902
255,matias romero,16.8833,-95.0333,36.22,33,77,5.93,MX,1681935902
256,siwa oasis,29.2041,25.5195,20.93,42,0,8.38,EG,1681935903
257,port elizabeth,-33.918,25.5701,21.84,86,100,5.36,ZA,1681935587
258,gobabis,-22.45,18.9667,21.28,31,6,4.06,NA,1681935904
259,cloquet,46.7216,-92.4594,2.99,74,100,7.72,US,1681935701
260,nicoya,10.1483,-85.452,36.34,30,67,0.65,CR,1681935905
261,enna,37.5588,14.2892,9.19,85,1,1.06,IT,1681935906
262,lasem,-6.6922,111.4527,24.97,89,56,2.3,ID,1681935906
263,la passe,45.5549,-0.8967,17.13,68,0,4.21,FR,1681935601
264,afaahiti,-17.75,-149.2833,29.93,80,100,8.17,PF,1681935516
265,puerto baquerizo moreno,-0.9,-89.6,25.55,89,40,2.06,EC,1681935594
266,inhambane,-23.865,35.3833,21.08,76,0,2.38,MZ,1681935692
267,colonia,50.9333,6.95,11.65,36,0,3.09,DE,1681935634
268,olonkinbyen,70.9221,-8.7187,1.98,92,11,8.11,SJ,1681935521
269,lewistown,40.5992,-77.5714,19.89,62,0,4.63,US,1681935909
270,umba,66.6871,34.3429,0.71,99,100,3.21,RU,1681935909
271,ilhabela,-23.7781,-45.3581,23.95,81,80,3.32,BR,1681935910
272,amarante do maranhao,-5.5667,-46.7422,26.2,88,100,0.78,BR,1681935911
273,brookings,44.3114,-96.7984,12.25,83,100,5.66,US,1681935624
274,luderitz,-26.6481,15.1594,16.39,77,100,3.34,NA,1681935612
275,blenheim,-41.516,173.9528,13.62,94,8,2.38,NZ,1681935912
276,dhidhdhoo,6.8833,73.1,28.55,75,6,2.43,MV,1681935873
277,padang,-0.9492,100.3543,24.03,87,100,1.08,ID,1681935663
278,nuuk,64.1835,-51.7216,-0.66,80,75,4.12,GL,1681935593
279,pekalongan,-6.8886,109.6753,27.23,85,79,1.58,ID,1681935914
280,oliver,49.1831,-119.5524,12.14,35,19,3.6,CA,1681935914
281,acapulco de juarez,16.8634,-99.8901,31.9,62,0,4.12,MX,1681935619
282,agapovka,53.2973,59.1348,6.63,85,85,0.98,RU,1681935915
283,polyarnyy,69.1989,33.4478,3.0,92,100,7.51,RU,1681935915
284,santana do livramento,-30.8908,-55.5328,14.84,54,62,8.35,BR,1681935916
285,pangai,-19.8,-174.35,26.06,89,75,7.72,TO,1681935623
286,viedma,-40.8135,-62.9967,21.66,39,0,3.78,AR,1681935917
287,mata-utu,-13.2816,-176.1745,28.54,74,100,5.97,WF,1681935917
288,utrik,11.2278,169.8474,26.58,79,100,8.85,MH,1681935605
289,tolanaro,-25.0319,46.9987,22.85,91,100,3.71,MG,1681935494
290,dubna,56.7333,37.1667,7.34,67,74,2.25,RU,1681935919
291,bubaque,11.2833,-15.8333,25.96,73,35,8.74,GW,1681935919
292,fort bragg,35.139,-79.006,31.22,24,0,2.57,US,1681935920
293,wellington,-41.2866,174.7756,16.15,98,100,3.6,NZ,1681935660
294,haeju,38.0406,125.7147,12.33,94,90,1.28,KP,1681935921
295,tralee,52.2704,-9.7026,8.99,92,85,3.06,IE,1681935620
296,campofelice di roccella,37.9902,13.8854,14.09,75,5,1.85,IT,1681935922
297,ta`u,-14.2336,-169.5144,28.39,76,98,8.63,AS,1681935699
298,mahina,-17.5065,-149.489,30.87,62,75,7.72,PF,1681935923
299,nemuro,43.3236,145.575,3.53,93,92,3.14,JP,1681935923
300,salym,60.0625,71.4789,-3.37,81,11,3.73,RU,1681935924
301,puerto madero,14.7208,-92.4215,34.11,55,20,5.14,MX,1681935924
302,ust-nera,64.5667,143.2,-13.99,99,100,3.35,RU,1681935568
303,miranpur katra,28.0333,79.65,31.0,21,99,3.47,IN,1681935925
304,robore,-18.3333,-59.75,24.05,94,100,0.0,BO,1681935926
305,hood river,45.7054,-121.5215,11.53,69,75,5.81,US,1681935926
306,tazacorte,28.629,-17.9293,19.54,83,75,3.6,ES,1681935644
307,phang nga,8.4509,98.5298,28.02,90,74,1.62,TH,1681935927
308,moro,26.6646,68.0016,27.61,18,0,1.69,PK,1681935928
309,thompson,55.7435,-97.8558,0.09,47,75,6.17,CA,1681935555
310,vadso,70.0744,29.7487,5.49,81,75,5.14,NO,1681935606
311,santana,-0.0583,-51.1817,30.1,74,20,2.57,BR,1681935257
312,kijang,35.2442,129.2139,14.85,98,33,1.34,KR,1681935878
313,toledo,39.8333,-4.0,15.45,34,56,0.76,ES,1681935681
314,tchaourou,8.8865,2.5975,29.23,54,29,1.03,BJ,1681935930
315,cabo san lucas,22.8909,-109.9124,28.67,57,40,5.66,MX,1681935596
316,bintulu,3.1667,113.0333,26.23,94,20,0.51,MY,1681935931
317,aghstafa,41.1189,45.4539,15.35,76,100,1.3,AZ,1681935932
318,masterton,-40.9597,175.6575,16.6,98,100,1.67,NZ,1681935932
319,rongelap,11.1635,166.8941,26.08,84,96,9.46,MH,1681935607
320,oppdal,62.5943,9.6912,3.47,75,66,0.83,NO,1681935933
321,borazjan,29.2666,51.2159,25.14,35,100,0.41,IR,1681935934
322,castanos,26.7833,-101.4167,31.86,33,75,0.0,MX,1681935934
323,roxas,11.5853,122.7511,24.52,83,34,0.55,PH,1681935935
324,taperoa,-7.2075,-36.8267,28.23,53,82,1.56,BR,1681935935
325,burang,30.25,81.1667,-0.79,94,95,2.86,CN,1681935541
326,robertsport,6.7533,-11.3686,28.3,83,36,5.03,LR,1681935936
327,anadyr,64.75,177.4833,-2.72,79,40,2.0,RU,1681935504
328,guankou,28.15,113.6333,19.89,94,0,0.43,CN,1681935937
329,talnakh,69.4865,88.3972,-17.15,93,97,2.67,RU,1681935533
330,aoulef,26.9667,1.0833,30.69,13,0,5.1,DZ,1681935938
331,teluknaga,-6.0989,106.6381,27.02,88,40,2.68,ID,1681935938
332,ghadamis,30.1337,9.5007,28.41,12,38,5.44,LY,1681935938
333,lazaro cardenas,17.9583,-102.2,28.94,58,39,5.45,MX,1681935720
334,caconda,-13.7333,15.0667,19.59,68,95,1.61,AO,1681935939
335,port moresby,-9.4431,147.1797,22.68,94,40,1.54,PG,1681935728
336,hancheng,32.5186,112.3522,19.34,89,0,2.15,CN,1681935940
337,lebu,-37.6167,-73.65,14.55,82,93,8.94,CL,1681935498
338,umarkot,25.3616,69.7362,27.7,42,38,6.7,PK,1681935941
339,sassandra,4.95,-6.0833,27.2,83,62,2.12,CI,1681935941
340,sarkand,45.41,79.9186,1.33,44,0,1.0,KZ,1681935942
341,two rivers,44.1539,-87.5693,3.32,89,100,5.66,US,1681935777
342,tura,25.5198,90.2201,26.35,68,72,3.98,IN,1681935621
343,uturoa,-16.7333,-151.4333,27.97,79,73,7.2,PF,1681935567
344,saint-philippe,-21.3585,55.7679,24.77,85,31,5.72,RE,1681935943
345,ulaangom,49.9811,92.0667,-3.68,49,59,5.3,MN,1681935944
346,talakan,50.3167,130.3667,1.16,79,100,2.6,RU,1681935944
347,shushtar,32.0455,48.8567,23.96,25,2,1.47,IR,1681935945
348,nurota,40.5614,65.6886,7.53,41,0,3.97,UZ,1681935945
349,suva,-18.1416,178.4415,25.71,94,75,0.0,FJ,1681935946
350,areia branca,-4.9561,-37.1369,30.11,77,91,4.24,BR,1681935946
351,pokhara,28.2333,83.9833,23.59,25,4,3.51,NP,1681935946
352,visby,57.6409,18.296,5.59,60,6,5.66,SE,1681935947
353,laojunmiao,39.8333,97.7333,0.39,19,98,2.56,CN,1681935947
354,mount pearl,47.5166,-52.7813,2.2,89,100,6.69,CA,1681935565
355,rehoboth,-23.3167,17.0833,20.02,57,90,1.91,NA,1681935948
356,wajir,1.7471,40.0573,29.14,63,82,2.13,KE,1681935948
357,doma,8.3833,8.35,27.23,75,65,5.75,NG,1681935949
358,quibala,-10.7337,14.98,17.96,94,65,0.77,AO,1681935949
359,north bend,43.4065,-124.2243,11.07,89,20,4.12,US,1681935685
360,arkalyk,50.2486,66.9114,1.69,93,100,5.85,KZ,1681935950
361,badger,64.8,-147.5333,0.95,49,40,0.0,US,1681935628
362,meadow lake,34.8014,-106.5436,24.36,7,0,11.68,US,1681935951
363,xai-xai,-25.0519,33.6442,18.93,74,0,2.85,MZ,1681935951
364,les anglais,18.3054,-74.2197,27.47,73,8,3.47,HT,1681935952
365,mahanoro,-19.9,48.8,23.22,92,27,2.29,MG,1681935952
366,nowy dwor gdanski,54.2131,19.1177,8.41,90,99,4.75,PL,1681935953
367,fale old settlement,-9.3852,-171.2468,27.95,71,100,2.03,TK,1681935529
368,dame-marie,18.5667,-74.4167,26.26,72,9,0.53,HT,1681935953
369,antsiranana,-12.2787,49.2917,25.78,82,81,5.39,MG,1681935954
370,kyren,51.6828,102.1408,-12.26,77,38,1.23,RU,1681935954
371,kupang,-10.1667,123.5833,24.16,72,29,4.82,ID,1681935955
372,touros,-5.1989,-35.4608,27.32,79,100,4.42,BR,1681935955
373,mukalla,14.5425,49.1242,27.56,69,0,2.11,YE,1681935698
374,lillehammer,61.1146,10.4674,2.73,93,58,1.57,NO,1681935956
375,buka,40.8108,69.1986,9.35,53,1,0.6,UZ,1681935616
376,kenai,60.5544,-151.2583,4.05,52,0,5.14,US,1681935526
377,east ballina,-28.8667,153.5833,14.89,74,100,6.16,AU,1681935957
378,pointe-noire,-4.7761,11.8635,27.52,86,100,2.43,CG,1681935958
379,freeport,40.6576,-73.5832,18.92,40,0,5.14,US,1681935958
380,rafsanjan,30.4067,55.9939,19.36,20,2,2.4,IR,1681935959
381,inverloch,-38.6333,145.7167,11.75,78,60,3.33,AU,1681935959
382,balkashino,52.5167,68.7667,-2.21,92,7,1.52,KZ,1681935959
383,awjilah,29.1081,21.2869,19.92,32,0,5.67,LY,1681935588
384,misratah,32.3754,15.0925,19.09,63,72,10.0,LY,1681935608
385,yeppoon,-23.1333,150.7333,18.88,79,36,5.24,AU,1681935961
386,mermoz boabab,14.7065,-17.4758,21.31,83,99,8.23,SN,1681935961
387,sake,-1.5736,29.045,17.42,96,98,0.88,CD,1681935962
388,aurangabad,19.8833,75.3333,29.56,27,47,3.7,IN,1681935962
389,arraial do cabo,-22.9661,-42.0278,23.98,88,75,4.63,BR,1681935626
390,olyokminsk,60.3736,120.4264,-8.34,96,100,0.66,RU,1681935964
391,el charco,2.4769,-78.1105,29.86,64,100,3.67,CO,1681935964
392,quincy,42.2529,-71.0023,11.24,48,100,7.2,US,1681935929
393,san luis de la loma,17.2706,-100.8939,30.74,54,32,4.7,MX,1681935684
394,general roca,-39.0333,-67.5833,29.79,29,63,5.54,AR,1681935966
395,mondim de basto,41.4135,-7.9548,14.66,66,48,1.58,PT,1681935966
396,tuyen quang,21.8233,105.2181,25.14,92,0,0.58,VN,1681935967
397,keelung,25.1283,121.7419,25.59,93,100,0.42,TW,1681935967
398,camana,-16.6228,-72.7111,22.34,72,14,2.81,PE,1681935690
399,luganville,-15.5333,167.1667,24.09,92,98,0.8,VU,1681935633
400,balikpapan,-1.2675,116.8289,24.35,90,99,0.35,ID,1681935549
401,alice springs,-23.7,133.8833,10.75,87,0,3.09,AU,1681935549
402,coquimbo,-29.9533,-71.3436,17.85,72,0,5.66,CL,1681935297
403,battagram,34.6772,73.0233,13.09,85,99,1.42,PK,1681935970
404,yermolayevo,52.7167,55.8,7.79,52,43,1.76,RU,1681935970
405,elliot lake,46.3834,-82.6331,6.98,52,100,3.55,CA,1681935971
406,mount gambier,-37.8333,140.7667,11.2,85,99,1.3,AU,1681935643
407,springfield,37.2153,-93.2982,25.13,61,75,9.77,US,1681935425
408,nar'yan-mar,67.6713,53.087,0.15,98,100,7.49,RU,1681935600
409,tocopilla,-22.092,-70.1979,21.45,73,21,2.55,CL,1681935973
410,sao geraldo do araguaia,-6.4006,-48.555,27.08,91,99,0.63,BR,1681935973
411,kerikeri,-35.2268,173.9474,19.95,97,100,1.34,NZ,1681935624
412,pisco,-13.7,-76.2167,25.03,65,0,8.75,PE,1681935665
413,kourou,5.1552,-52.6478,25.03,91,97,3.4,GF,1681935664
414,golere,16.2557,-14.1017,34.77,14,99,5.27,SN,1681935975
415,gongju,36.4556,127.1247,17.14,92,84,2.05,KR,1681935975
416,praia da vitoria,38.7333,-27.0667,13.14,94,40,8.81,PT,1681935490
417,lesnoy,57.6198,63.0784,-0.18,59,1,2.41,RU,1681935976
418,sirte,31.2089,16.5887,18.95,54,30,8.78,LY,1681935976
419,chibougamau,49.9168,-74.3659,-2.21,74,100,5.14,CA,1681935594
420,acarau,-2.8856,-40.12,26.99,84,100,2.81,BR,1681935508
421,kasumkent,41.6773,48.146,11.5,74,74,0.93,RU,1681935977
422,amahai,-3.3333,128.9167,25.52,88,4,1.11,ID,1681935569
423,santiago de cao,-7.9589,-79.2392,26.07,73,20,5.66,PE,1681935979
424,pogranichnyy,44.4064,131.3769,8.38,64,100,3.62,RU,1681935979
425,tataouine,32.9297,10.4518,23.05,29,18,3.53,TN,1681935980
426,banjar,-8.19,114.9675,24.39,90,28,2.18,ID,1681935599
427,haiku-pauwela,20.9219,-156.3051,22.8,95,100,5.14,US,1681935980
428,san angelo,31.4638,-100.437,32.75,39,0,6.26,US,1681935846
429,kalianget,-7.05,113.9333,27.03,80,56,3.11,ID,1681935982
430,gebeit,21.0667,36.3167,24.74,29,0,2.0,SD,1681935982
431,ko pha ngan,9.7578,100.0291,26.57,74,82,4.63,TH,1681935983
432,nouadhibou,20.931,-17.0347,19.99,83,66,7.2,MR,1681935566
433,kitui,-1.367,38.0106,18.7,91,69,1.96,KE,1681935983
434,vangaindrano,-23.35,47.6,22.08,92,11,1.28,MG,1681935984
435,malango,-2.9627,119.9001,19.56,98,100,0.85,ID,1681935984
436,norfolk,42.1668,-71.2495,10.97,52,100,5.14,US,1681935685
437,al hufuf,25.3646,49.5653,23.19,49,75,1.54,SA,1681935859
438,port macquarie,-31.4333,152.9167,14.94,81,82,3.3,AU,1681935529
439,antonio enes,-16.2325,39.9086,24.95,76,25,2.73,MZ,1681935986
440,san jose de jachal,-30.2406,-68.7469,22.88,16,92,2.03,AR,1681935986
441,newman,37.3138,-121.0208,17.35,46,1,4.02,US,1681935987
442,puerto carreno,6.189,-67.4859,36.99,36,40,4.12,CO,1681935987
443,sabang,5.8933,95.3214,28.52,74,100,5.4,ID,1681935988
444,guiuan,11.0333,125.7247,27.45,81,81,4.24,PH,1681935554
445,taltal,-25.4,-70.4833,20.58,69,24,1.7,CL,1681935698
446,heihe,50.2441,127.4902,0.32,97,100,4.12,CN,1681935989
447,naracoorte,-36.9579,140.7383,10.23,87,11,1.93,AU,1681935989
448,anzio,41.4853,12.6179,13.96,80,0,1.26,IT,1681935990
449,jasper,37.2001,-94.3502,23.95,64,100,10.29,US,1681935990
450,tateyama,34.9833,139.8667,15.96,94,75,1.54,JP,1681935991
451,vernon,50.2581,-119.2691,14.31,36,100,2.06,CA,1681935538
452,muynoq,43.7683,59.0214,12.88,68,100,8.26,UZ,1681935673
453,minas de marcona,-15.2119,-75.1103,21.21,58,4,6.24,PE,1681935563
454,borba,-4.3878,-59.5939,29.02,81,100,1.01,BR,1681935992
455,chaykovskiy,56.7686,54.1148,5.32,85,29,1.81,RU,1681935993
456,hassi messaoud,31.6804,6.0729,34.92,7,40,4.12,DZ,1681935993
457,richards bay,-28.783,32.0377,21.72,81,0,5.89,ZA,1681935544
458,manokwari,-0.8667,134.0833,25.29,79,100,1.88,ID,1681935994
459,sebdou,34.637,-1.3314,11.61,87,100,3.65,DZ,1681935994
460,severo-yeniseyskiy,60.3725,93.0408,-17.69,100,97,1.98,RU,1681935995
461,gornopravdinsk,60.05,69.9,-3.21,79,10,3.36,RU,1681935996
462,miles city,46.4083,-105.8406,3.54,81,100,9.26,US,1681935996
463,inirida,3.8653,-67.9239,31.84,52,95,1.96,CO,1681935996
464,baruun-urt,46.6806,113.2792,-2.82,33,2,4.95,MN,1681935997
465,qingdao,36.0986,120.3719,10.78,100,75,6.0,CN,1681935997
466,naha,26.2125,127.6811,24.95,96,75,8.23,JP,1681935998
467,hanceville,34.0607,-86.7675,29.53,32,0,4.13,US,1681935998
468,belmonte,-15.8631,-38.8828,27.88,83,4,6.07,BR,1681935999
469,magangue,9.242,-74.7547,32.75,51,100,2.64,CO,1681935620
470,cuyo,10.8525,121.0086,28.23,73,8,0.34,PH,1681935999
471,coari,-4.085,-63.1414,28.73,72,97,1.23,BR,1681936000
472,betio village,1.358,172.9211,29.02,78,51,5.11,KI,1681936000
473,riyadh,24.6877,46.7219,20.08,53,72,2.61,SA,1681935629
474,paita,-5.0892,-81.1144,28.29,65,94,5.57,PE,1681936001
475,ust-tsilma,65.441,52.1498,-0.99,93,100,3.21,RU,1681935637
476,atar,20.5169,-13.0499,28.21,17,100,3.4,MR,1681936002
477,curaca,-8.9903,-39.9094,34.71,30,99,3.68,BR,1681936002
478,caqueza,4.4057,-73.9468,24.81,86,100,1.56,CO,1681936003
479,cherdyn',60.403,56.4787,0.5,64,11,1.81,RU,1681936003
480,yuzhno-kurilsk,44.0306,145.8556,3.51,86,37,2.34,RU,1681935699
481,fort mcmurray,56.7268,-111.381,1.77,86,100,5.14,CA,1681935535
482,chengde,40.9725,117.9361,13.91,46,100,3.78,CN,1681936004
483,shitanjing,39.2342,106.3439,9.17,23,96,1.07,CN,1681936005
484,sisimiut,66.9395,-53.6735,-5.87,79,92,2.77,GL,1681935558
485,saint-leu,-21.15,55.2833,25.46,93,20,0.93,RE,1681936006
486,nikolayevsk-on-amure,53.1406,140.73,-0.34,96,100,0.45,RU,1681936006
487,bereznik,62.8551,42.7072,-0.05,97,100,1.09,RU,1681936006
488,yangliuqing,39.1375,116.9997,17.97,38,100,9.34,CN,1681936007
489,metlili chaamba,32.2667,3.6333,30.52,10,75,2.57,DZ,1681936007
490,san martin,-33.081,-68.4681,25.3,16,4,3.41,AR,1681936008
491,tucuma,-0.1833,-50.05,26.75,79,100,2.25,BR,1681936008
492,ad darb,17.7229,42.2526,30.92,59,0,1.64,SA,1681936008
493,velizh,55.6056,31.1967,8.12,69,72,3.2,RU,1681936009
494,saiha,22.4833,92.9667,20.72,81,0,1.58,IN,1681936009
495,lakatoro,-16.0999,167.4164,26.37,79,98,2.27,VU,1681936010
496,camrose,53.0168,-112.8353,2.17,63,100,3.68,CA,1681936010
497,cam pha mines,21.0167,107.3,22.56,98,43,1.93,VN,1681936011
498,tenno,39.9,139.9667,8.72,85,14,3.96,JP,1681936012
499,namibe,-15.1961,12.1522,25.65,71,45,2.65,AO,1681935690
500,cusset,46.13,3.4596,14.19,85,42,1.68,FR,1681936012
501,molepolole,-24.4066,25.4951,14.08,33,0,1.68,BW,1681936013
502,safi,32.1667,-8.8333,16.09,74,2,4.83,MA,1681936013
503,orapa,-21.2833,25.3667,20.19,25,12,4.87,BW,1681936014
504,prince rupert,54.3161,-130.3201,10.05,51,0,7.2,CA,1681935656
505,mingora,34.7758,72.3625,14.11,92,100,1.95,PK,1681936015
506,kerema,-7.9631,145.7785,24.3,86,26,1.43,PG,1681936015
507,sona,45.4388,10.8255,14.07,89,75,0.51,IT,1681936015
508,boke,10.9409,-14.2967,27.65,65,16,4.04,GN,1681936016
509,santo antonio,-6.3106,-35.4789,26.87,77,100,4.97,BR,1681936016
510,banff,51.1762,-115.5698,5.21,52,100,3.09,CA,1681936017
511,dolores,-36.3132,-57.6792,16.32,46,3,7.34,AR,1681935856
512,wum,6.3833,10.0667,20.71,87,100,0.94,CM,1681936018
513,corumba,-19.0092,-57.6533,30.84,57,20,3.6,BR,1681936018
514,belyy yar,53.6039,91.3903,-3.06,59,0,4.0,RU,1681936018
515,kalemie,-5.9475,29.1947,22.58,84,8,1.93,CD,1681936019
516,okha,53.5739,142.9478,-1.36,90,98,4.62,RU,1681936019
517,vilyuysk,63.7553,121.6247,-16.05,100,90,1.49,RU,1681935685
518,howard springs,-12.497,131.047,21.95,72,7,1.19,AU,1681935681
519,el carril,-25.0741,-65.4917,24.47,48,2,1.93,AR,1681936020
520,camiri,-20.05,-63.5167,24.88,61,40,0.0,BO,1681936021
521,carentan,49.3031,-1.2481,9.82,88,0,7.39,FR,1681936021
522,mizdah,31.4451,12.9801,23.75,20,85,4.74,LY,1681936022
523,bandarbeyla,9.4942,50.8122,28.04,68,9,4.06,SO,1681936023
524,kailua-kona,19.6406,-155.9956,24.04,92,100,9.26,US,1681935675
525,emporia,38.4039,-96.1817,27.11,50,20,9.77,US,1681935940
526,ulladulla,-35.35,150.4667,14.87,83,100,3.92,AU,1681936024
527,jijel,36.8205,5.7667,15.69,88,94,1.61,DZ,1681936024
528,ialibu,-6.2821,143.9935,11.78,97,47,1.3,PG,1681936025
529,saint-joseph,-21.3667,55.6167,24.21,83,23,5.5,RE,1681936025
530,san carlos del zulia,9.0,-71.9135,30.15,63,98,3.11,VE,1681936026
531,mundri,-6.9558,111.71,23.84,92,32,2.01,ID,1681936026
532,spanish springs,39.6491,-119.7074,10.79,31,0,5.14,US,1681936027
533,soio,-6.1349,12.3689,27.25,90,95,3.63,AO,1681936027
534,ouesso,1.6136,16.0517,24.76,74,100,1.49,CG,1681936028
535,hasaki,35.7333,140.8333,15.22,93,100,3.78,JP,1681936028
536,karratha,-20.7377,116.8463,23.04,36,14,6.34,AU,1681936029
537,pineville,31.3224,-92.4343,28.85,53,0,5.14,US,1681936029
538,san juan,-31.5375,-68.5364,26.79,15,14,2.01,AR,1681936029
539,alenquer,-1.9417,-54.7383,28.28,72,97,0.88,BR,1681936030
540,jiuquan,39.7432,98.5174,4.54,15,100,3.2,CN,1681936030
541,nguigmi,14.2495,13.1092,32.6,15,0,2.49,NE,1681936031
542,oyo,7.85,3.9333,23.81,90,100,2.72,NG,1681936031
543,lloydminster,53.2835,-110.0016,2.12,60,100,4.63,CA,1681936032
544,khilok,51.3674,110.4676,-9.85,80,100,6.95,RU,1681936032
545,jeronimo monteiro,-20.7894,-41.395,28.8,72,73,1.91,BR,1681936033
546,castillos,-34.1667,-53.8333,14.56,77,61,4.46,UY,1681936033
547,trujillo,-8.116,-79.03,25.98,73,20,5.66,PE,1681936034
548,mahibadhoo,3.7833,72.9667,28.54,69,100,1.68,MV,1681936034
549,porto torres,40.835,8.3972,13.1,81,62,1.16,IT,1681936035
550,huntsville,34.7304,-86.5861,28.41,28,0,6.17,US,1681935540
551,parras de la fuente,25.4167,-102.1833,29.11,10,54,4.67,MX,1681936036
552,north battleford,52.7834,-108.2847,0.05,69,100,7.2,CA,1681936036
553,kristinestad,62.2743,21.376,1.17,87,12,2.0,FI,1681936037
554,knyaze-volkonskoye,48.4642,135.4567,2.19,85,100,3.17,RU,1681936037
555,menzelinsk,55.7271,53.1026,8.86,70,100,2.94,RU,1681936038
556,cacador,-26.7753,-51.015,12.47,75,100,3.24,BR,1681936038
557,robit,12.0167,39.6333,19.87,77,78,3.0,ET,1681936039
558,chamical,-30.36,-66.314,27.78,22,6,4.93,AR,1681935914
559,kristiansund,63.1115,7.732,9.03,70,0,0.0,NO,1681936040
560,arkhangel'sk,64.5401,40.5433,3.06,80,40,3.0,RU,1681936040
561,coahuayana de hidalgo,18.7,-103.6583,32.59,39,64,3.71,MX,1681936040
562,simsbury center,41.8809,-72.8112,13.05,51,75,4.63,US,1681936041
563,tadine,-21.55,167.8833,25.17,81,7,2.02,NC,1681936041
564,abaza,52.655,90.0928,-9.05,85,65,2.64,RU,1681936042
565,mozarlandia,-14.7447,-50.5706,28.56,74,93,1.47,BR,1681936042
566,kolonia,50.9333,6.95,11.65,37,0,3.09,DE,1681935744
567,laguna,38.421,-121.4238,18.13,42,0,1.54,US,1681936043
568,berezovyy,51.6667,135.7,0.2,92,100,1.67,RU,1681936044
569,sliven,42.6858,26.3292,7.2,87,68,1.48,BG,1681936044
570,maitum,6.0392,124.4986,25.82,86,11,0.53,PH,1681936045
571,balakhta,55.38,91.6,-6.77,91,100,5.23,RU,1681936045
572,maravatio de ocampo,19.9,-100.45,29.24,15,100,3.71,MX,1681936046
573,constitucion,-35.3333,-72.4167,18.41,63,98,6.75,CL,1681935825
574,gallup,35.5281,-108.7426,17.91,14,0,16.98,US,1681936046
575,las lomitas,-24.7096,-60.593,28.65,34,0,3.72,AR,1681936047
576,katsuren-haebaru,26.3369,127.8719,25.01,92,100,6.69,JP,1681936047
577,turpan,42.9333,89.1667,12.84,14,100,0.97,CN,1681936048
578,poyarkovo,49.6,128.6833,1.69,98,100,1.52,RU,1681936048
579,sulak,43.2734,47.5146,9.58,78,48,7.99,RU,1681936049
580,quang ngai,15.1167,108.8,25.64,74,0,2.08,VN,1681936049
